{
  "info": {
    "name": "Disaster Portal API",
    "schema": "https://schema.getpostman.com/json/collection/v2.1.0/collection.json"
  },
  "item": [
    {
      "name": "Root",
      "request": {
        "method": "GET",
        "url": { "raw": "http://localhost:3333/", "protocol": "http", "host": ["localhost"], "port": "3333", "path": [""] }
      }
    },
    {
      "name": "Auth - Register",
      "request": {
        "method": "POST",
        "header": [{"key": "Content-Type", "value": "application/json"}],
        "url": { "raw": "http://localhost:3333/api/auth/register", "protocol": "http", "host": ["localhost"], "port": "3333", "path": ["api", "auth", "register"] },
        "body": { "mode": "raw", "raw": "{\n  \"fullName\": \"John Doe\",\n  \"email\": \"john@example.com\",\n  \"password\": \"password123\",\n  \"userType\": \"citizen\",\n  \"phone\": \"1234567890\",\n  \"address\": \"123 Main St\",\n  \"organizationName\": \"Helping Hands\",\n  \"skills\": \"First Aid, Driving\"\n}" }
      }
    },
    {
      "name": "Auth - Login",
      "request": {
        "method": "POST",
        "header": [{"key": "Content-Type", "value": "application/json"}],
        "url": { "raw": "http://localhost:3333/api/auth/login", "protocol": "http", "host": ["localhost"], "port": "3333", "path": ["api", "auth", "login"] },
        "body": { "mode": "raw", "raw": "{\n  \"email\": \"john@example.com\",\n  \"password\": \"password123\"\n}" }
      }
    },
    {
      "name": "Auth - Logout",
      "request": {
        "method": "POST",
        "header": [{"key": "Authorization", "value": "Bearer <token>"}],
        "url": { "raw": "http://localhost:3333/api/auth/logout", "protocol": "http", "host": ["localhost"], "port": "3333", "path": ["api", "auth", "logout"] }
      }
    },
    {
      "name": "Auth - Me",
      "request": {
        "method": "GET",
        "header": [{"key": "Authorization", "value": "Bearer <token>"}],
        "url": { "raw": "http://localhost:3333/api/auth/me", "protocol": "http", "host": ["localhost"], "port": "3333", "path": ["api", "auth", "me"] }
      }
    },
    {
      "name": "Auth - Update Profile",
      "request": {
        "method": "PUT",
        "header": [{"key": "Authorization", "value": "Bearer <token>"}, {"key": "Content-Type", "value": "application/json"}],
        "url": { "raw": "http://localhost:3333/api/auth/profile", "protocol": "http", "host": ["localhost"], "port": "3333", "path": ["api", "auth", "profile"] },
        "body": { "mode": "raw", "raw": "{\n  \"fullName\": \"John Doe Updated\",\n  \"phone\": \"9876543210\",\n  \"address\": \"456 Main St\",\n  \"organizationName\": \"Helping Hands Updated\",\n  \"skills\": \"CPR, Logistics\"\n}" }
      }
    },
    {
      "name": "Disasters - Get All",
      "request": {
        "method": "GET",
        "url": { "raw": "http://localhost:3333/api/disasters", "protocol": "http", "host": ["localhost"], "port": "3333", "path": ["api", "disasters"] }
      }
    },
    {
      "name": "Disasters - Get By ID",
      "request": {
        "method": "GET",
        "url": { "raw": "http://localhost:3333/api/disasters/:id", "protocol": "http", "host": ["localhost"], "port": "3333", "path": ["api", "disasters", ":id"] }
      }
    },
    {
      "name": "Disasters - Create",
      "request": {
        "method": "POST",
        "header": [{"key": "Content-Type", "value": "application/json"}],
        "url": { "raw": "http://localhost:3333/api/disasters", "protocol": "http", "host": ["localhost"], "port": "3333", "path": ["api", "disasters"] },
        "body": { "mode": "raw", "raw": "{\n  \"name\": \"Flood\",\n  \"description\": \"Severe flooding in the area\",\n  \"location\": \"City Center\",\n  \"severity\": \"High\"\n}" }
      }
    },
    {
      "name": "Disasters - Update",
      "request": {
        "method": "PUT",
        "header": [{"key": "Content-Type", "value": "application/json"}],
        "url": { "raw": "http://localhost:3333/api/disasters/:id", "protocol": "http", "host": ["localhost"], "port": "3333", "path": ["api", "disasters", ":id"] },
        "body": { "mode": "raw", "raw": "{\n  \"name\": \"Flood Updated\",\n  \"description\": \"Severe flooding in the area updated\",\n  \"location\": \"City Center Updated\",\n  \"severity\": \"Medium\"\n}" }
      }
    },
    {
      "name": "Disasters - Delete",
      "request": {
        "method": "DELETE",
        "url": { "raw": "http://localhost:3333/api/disasters/:id", "protocol": "http", "host": ["localhost"], "port": "3333", "path": ["api", "disasters", ":id"] }
      }
    },
    {
      "name": "Resources - Get All",
      "request": {
        "method": "GET",
        "url": { "raw": "http://localhost:3333/api/resources", "protocol": "http", "host": ["localhost"], "port": "3333", "path": ["api", "resources"] }
      }
    },
    {
      "name": "Resources - Get By ID",
      "request": {
        "method": "GET",
        "url": { "raw": "http://localhost:3333/api/resources/:id", "protocol": "http", "host": ["localhost"], "port": "3333", "path": ["api", "resources", ":id"] }
      }
    },
    {
      "name": "Resources - Create",
      "request": {
        "method": "POST",
        "header": [{"key": "Content-Type", "value": "application/json"}],
        "url": { "raw": "http://localhost:3333/api/resources", "protocol": "http", "host": ["localhost"], "port": "3333", "path": ["api", "resources"] },
        "body": { "mode": "raw", "raw": "{\n  \"name\": \"Water Bottles\",\n  \"quantity\": 100,\n  \"location\": \"Warehouse 1\"\n}" }
      }
    },
    {
      "name": "Resources - Update",
      "request": {
        "method": "PUT",
        "header": [{"key": "Content-Type", "value": "application/json"}],
        "url": { "raw": "http://localhost:3333/api/resources/:id", "protocol": "http", "host": ["localhost"], "port": "3333", "path": ["api", "resources", ":id"] },
        "body": { "mode": "raw", "raw": "{\n  \"name\": \"Water Bottles Updated\",\n  \"quantity\": 150,\n  \"location\": \"Warehouse 2\"\n}" }
      }
    },
    {
      "name": "Resources - Delete",
      "request": {
        "method": "DELETE",
        "url": { "raw": "http://localhost:3333/api/resources/:id", "protocol": "http", "host": ["localhost"], "port": "3333", "path": ["api", "resources", ":id"] }
      }
    },
    {
      "name": "Donations - Get All",
      "request": {
        "method": "GET",
        "url": { "raw": "http://localhost:3333/api/donations", "protocol": "http", "host": ["localhost"], "port": "3333", "path": ["api", "donations"] }
      }
    },
    {
      "name": "Donations - Get By ID",
      "request": {
        "method": "GET",
        "url": { "raw": "http://localhost:3333/api/donations/:id", "protocol": "http", "host": ["localhost"], "port": "3333", "path": ["api", "donations", ":id"] }
      }
    },
    {
      "name": "Donations - Create",
      "request": {
        "method": "POST",
        "header": [{"key": "Content-Type", "value": "application/json"}],
        "url": { "raw": "http://localhost:3333/api/donations", "protocol": "http", "host": ["localhost"], "port": "3333", "path": ["api", "donations"] },
        "body": { "mode": "raw", "raw": "{\n  \"amount\": 100,\n  \"donorName\": \"Jane Doe\",\n  \"message\": \"Hope this helps\"\n}" }
      }
    },
    {
      "name": "Donations - Update",
      "request": {
        "method": "PUT",
        "header": [{"key": "Content-Type", "value": "application/json"}],
        "url": { "raw": "http://localhost:3333/api/donations/:id", "protocol": "http", "host": ["localhost"], "port": "3333", "path": ["api", "donations", ":id"] },
        "body": { "mode": "raw", "raw": "{\n  \"amount\": 150,\n  \"donorName\": \"Jane Doe Updated\",\n  \"message\": \"Hope this helps more\"\n}" }
      }
    },
    {
      "name": "Donations - Delete",
      "request": {
        "method": "DELETE",
        "url": { "raw": "http://localhost:3333/api/donations/:id", "protocol": "http", "host": ["localhost"], "port": "3333", "path": ["api", "donations", ":id"] }
      }
    },
    {
      "name": "Volunteers - Get All",
      "request": {
        "method": "GET",
        "url": { "raw": "http://localhost:3333/api/volunteers", "protocol": "http", "host": ["localhost"], "port": "3333", "path": ["api", "volunteers"] }
      }
    },
    {
      "name": "Volunteers - Get By ID",
      "request": {
        "method": "GET",
        "url": { "raw": "http://localhost:3333/api/volunteers/:id", "protocol": "http", "host": ["localhost"], "port": "3333", "path": ["api", "volunteers", ":id"] }
      }
    },
    {
      "name": "Volunteers - Create",
      "request": {
        "method": "POST",
        "header": [{"key": "Content-Type", "value": "application/json"}],
        "url": { "raw": "http://localhost:3333/api/volunteers", "protocol": "http", "host": ["localhost"], "port": "3333", "path": ["api", "volunteers"] },
        "body": { "mode": "raw", "raw": "{\n  \"fullName\": \"John Smith\",\n  \"email\": \"john.smith@example.com\",\n  \"phone\": \"1234567890\",\n  \"skills\": \"First Aid, Driving\"\n}" }
      }
    },
    {
      "name": "Volunteers - Update",
      "request": {
        "method": "PUT",
        "header": [{"key": "Content-Type", "value": "application/json"}],
        "url": { "raw": "http://localhost:3333/api/volunteers/:id", "protocol": "http", "host": ["localhost"], "port": "3333", "path": ["api", "volunteers", ":id"] },
        "body": { "mode": "raw", "raw": "{\n  \"fullName\": \"John Smith Updated\",\n  \"email\": \"john.smith.updated@example.com\",\n  \"phone\": \"9876543210\",\n  \"skills\": \"CPR, Logistics\"\n}" }
      }
    },
    {
      "name": "Volunteers - Delete",
      "request": {
        "method": "DELETE",
        "url": { "raw": "http://localhost:3333/api/volunteers/:id", "protocol": "http", "host": ["localhost"], "port": "3333", "path": ["api", "volunteers", ":id"] }
      }
    },
    {
      "name": "Notifications - Get All",
      "request": {
        "method": "GET",
        "url": { "raw": "http://localhost:3333/api/notifications", "protocol": "http", "host": ["localhost"], "port": "3333", "path": ["api", "notifications"] }
      }
    },
    {
      "name": "Notifications - Get By ID",
      "request": {
        "method": "GET",
        "url": { "raw": "http://localhost:3333/api/notifications/:id", "protocol": "http", "host": ["localhost"], "port": "3333", "path": ["api", "notifications", ":id"] }
      }
    },
    {
      "name": "Notifications - Create",
      "request": {
        "method": "POST",
        "header": [{"key": "Content-Type", "value": "application/json"}],
        "url": { "raw": "http://localhost:3333/api/notifications", "protocol": "http", "host": ["localhost"], "port": "3333", "path": ["api", "notifications"] },
        "body": { "mode": "raw", "raw": "{\n  \"title\": \"New Alert\",\n  \"message\": \"There is a new alert in your area\",\n  \"type\": \"alert\"\n}" }
      }
    },
    {
      "name": "Notifications - Update",
      "request": {
        "method": "PUT",
        "header": [{"key": "Content-Type", "value": "application/json"}],
        "url": { "raw": "http://localhost:3333/api/notifications/:id", "protocol": "http", "host": ["localhost"], "port": "3333", "path": ["api", "notifications", ":id"] },
        "body": { "mode": "raw", "raw": "{\n  \"title\": \"New Alert Updated\",\n  \"message\": \"There is a new alert in your area updated\",\n  \"type\": \"alert\"\n}" }
      }
    },
    {
      "name": "Notifications - Delete",
      "request": {
        "method": "DELETE",
        "url": { "raw": "http://localhost:3333/api/notifications/:id", "protocol": "http", "host": ["localhost"], "port": "3333", "path": ["api", "notifications", ":id"] }
      }
    }
  ]
}