{
    "info": {
      "name": "Disaster Portal Volunteer Assignment API",
      "schema": "https://schema.getpostman.com/json/collection/v2.1.0/collection.json"
    },
    "item": [
      {
        "name": "Get All Volunteer Assignments",
        "request": {
          "method": "GET",
          "header": [],
          "url": {
            "raw": "http://localhost:3333/volunteer-assignments?page=1&limit=20",
            "protocol": "http",
            "host": ["localhost"],
            "port": "3333",
            "path": ["volunteer-assignments"],
            "query": [
              { "key": "page", "value": "1" },
              { "key": "limit", "value": "20" }
            ]
          }
        }
      },
      {
        "name": "Create Volunteer Assignment",
        "request": {
          "method": "POST",
          "header": [
            { "key": "Authorization", "value": "Bearer <token>", "type": "text" },
            { "key": "Content-Type", "value": "application/json", "type": "text" }
          ],
          "url": {
            "raw": "http://localhost:3333/volunteer-assignments",
            "protocol": "http",
            "host": ["localhost"],
            "port": "3333",
            "path": ["volunteer-assignments"]
          },
          "body": {
            "mode": "raw",
            "raw": "{\n  \"title\": \"Flood Relief\",\n  \"taskType\": \"medical\",\n  \"priority\": \"urgent\",\n  \"location\": \"City Center\",\n  \"volunteersNeeded\": 5,\n  \"startDate\": \"2025-10-01T09:00:00.000Z\",\n  \"endDate\": \"2025-10-05T18:00:00.000Z\",\n  \"disasterId\": 1\n}"
          }
        }
      },
      {
        "name": "Get Volunteer Assignment by ID",
        "request": {
          "method": "GET",
          "header": [],
          "url": {
            "raw": "http://localhost:3333/volunteer-assignments/1",
            "protocol": "http",
            "host": ["localhost"],
            "port": "3333",
            "path": ["volunteer-assignments", "1"]
          }
        }
      },
      {
        "name": "Update Volunteer Assignment",
        "request": {
          "method": "PUT",
          "header": [
            { "key": "Authorization", "value": "Bearer <token>", "type": "text" },
            { "key": "Content-Type", "value": "application/json", "type": "text" }
          ],
          "url": {
            "raw": "http://localhost:3333/volunteer-assignments/1",
            "protocol": "http",
            "host": ["localhost"],
            "port": "3333",
            "path": ["volunteer-assignments", "1"]
          },
          "body": {
            "mode": "raw",
            "raw": "{\n  \"title\": \"Flood Relief Updated\",\n  \"priority\": \"high\",\n  \"volunteersNeeded\": 10\n}"
          }
        }
      },
      {
        "name": "Apply for Volunteer Assignment",
        "request": {
          "method": "POST",
          "header": [
            { "key": "Authorization", "value": "Bearer <token>", "type": "text" }
          ],
          "url": {
            "raw": "http://localhost:3333/volunteer-assignments/1/apply",
            "protocol": "http",
            "host": ["localhost"],
            "port": "3333",
            "path": ["volunteer-assignments", "1", "apply"]
          }
        }
      },
      {
        "name": "Mark Assignment as Completed",
        "request": {
          "method": "POST",
          "header": [
            { "key": "Authorization", "value": "Bearer <token>", "type": "text" }
          ],
          "url": {
            "raw": "http://localhost:3333/volunteer-assignments/1/complete",
            "protocol": "http",
            "host": ["localhost"],
            "port": "3333",
            "path": ["volunteer-assignments", "1", "complete"]
          }
        }
      },
      {
        "name": "Get My Assignments",
        "request": {
          "method": "GET",
          "header": [
            { "key": "Authorization", "value": "Bearer <token>", "type": "text" }
          ],
          "url": {
            "raw": "http://localhost:3333/volunteer-assignments/my?page=1&limit=20",
            "protocol": "http",
            "host": ["localhost"],
            "port": "3333",
            "path": ["volunteer-assignments", "my"],
            "query": [
              { "key": "page", "value": "1" },
              { "key": "limit", "value": "20" }
            ]
          }
        }
      },
      {
        "name": "Get Assignment Statistics",
        "request": {
          "method": "GET",
          "header": [],
          "url": {
            "raw": "http://localhost:3333/volunteer-assignments/statistics",
            "protocol": "http",
            "host": ["localhost"],
            "port": "3333",
            "path": ["volunteer-assignments", "statistics"]
          }
        }
      }
    ]
  }